profile,task,measurement_mode,block_width,batch_size,input_width,output_width,lut_table_bytes,cache_level_fit,theoretical_ops,theoretical_continuous_ops,predicted_l1_w,predicted_l2_w,predicted_l3_w,backend,processed_bits,packed_word_bits,build_init_s,kernel_build_s,exactness_elapsed_s,timing_elapsed_s,elapsed_s,throughput_Mbit_s,throughput_Mcodeword_s,ns_per_bit,median_runtime_s,min_runtime_s,max_runtime_s,stdev_runtime_s,cv,samples_s,warmups,repeats,correctness_passed,timed,skip_reason,affinity_status,frequency_lock_status,cache_flush_bytes,measurement_order,cpu_model,l1d_bytes,l2_bytes,l3_bytes,python_version,numpy_version,thread_count,seed,notes
bch_255_239_r16,syndrome,natural,4,1000,255,16,2048,L1,1280,1275.0,9,14,19,PackedBlockLUTKernel.apply_many_packed,255000,16,2.013405099976808,0.0027681998908519745,0.006705300067551434,0.0286305999616161,0.03872489999048412,381.10896794011336,1.4945449723141702,2.6239214611111903,0.0006690999725833535,0.0005635999841615558,0.0010430000256747007,0.00014047537525475502,0.1963958089526477,0.000563599984162;0.000814400031231;0.00104300002567;0.000815999926999;0.000669099972583;0.000659100012854;0.000655799987726;0.000694200047292;0.000669699977152;0.000990199972875;0.000679700053297;0.000630600028671;0.000621499959379;0.000611900002696;0.000610199989751,30,15,True,True,,psutil cpu_affinity set to 6,cpupower/intel_pstate unavailable on Windows,0,interleaved_by_width,"Intel64 Family 6 Model 186 Stepping 2, GenuineIntel",32768,1048576,16777216,3.11.5,1.24.3,1;1;1,42,natural placement
bch_255_239_r16,syndrome,cache_flushed_dram_proxy,4,1000,255,16,2048,L1,1280,1275.0,9,14,19,PackedBlockLUTKernel.apply_many_packed,255000,16,2.013405099976808,0.0022971000289544463,0.006354599958285689,0.5788127999985591,0.5946792999748141,19.89250257461591,0.0780098140181016,50.270195831270776,0.012818899936974049,0.012285200064070523,0.014663600013591349,0.0005495040673561319,0.04264300895752677,0.0127165999729;0.0127207000041;0.0129209000152;0.012818899937;0.0124484000262;0.0146636000136;0.0125447999453;0.0129116999451;0.0130337000592;0.0130451999139;0.0122852000641;0.0131289999699;0.0125816999935;0.01295080001;0.0125209999969,30,15,True,True,,psutil cpu_affinity set to 6,cpupower/intel_pstate unavailable on Windows,33554432,interleaved_by_width,"Intel64 Family 6 Model 186 Stepping 2, GenuineIntel",32768,1048576,16777216,3.11.5,1.24.3,1;1;1,42,cache-flushed DRAM proxy
bch_255_239_r16,syndrome,natural,5,1000,255,16,3264,L1,1071,1071.0,9,14,19,PackedBlockLUTKernel.apply_many_packed,255000,16,2.013405099976808,0.002157099894247949,0.006423700018785894,0.027113000047393143,0.03635219996795058,435.2278266896067,1.706775790939634,2.29764720607622,0.0005859000375494361,0.0005653999978676438,0.0009163999930024147,8.673654995401598e-05,0.14190879940468815,0.000590799958445;0.000640299986117;0.000579199986532;0.000585900037549;0.000587599934079;0.000582600012422;0.000576100079343;0.000625299988315;0.000601699925028;0.000588200055063;0.000916399993002;0.000578999985009;0.000579799991101;0.000569900032133;0.000565399997868,30,15,True,True,,psutil cpu_affinity set to 6,cpupower/intel_pstate unavailable on Windows,0,interleaved_by_width,"Intel64 Family 6 Model 186 Stepping 2, GenuineIntel",32768,1048576,16777216,3.11.5,1.24.3,1;1;1,42,natural placement
bch_255_239_r16,syndrome,cache_flushed_dram_proxy,5,1000,255,16,3264,L1,1071,1071.0,9,14,19,PackedBlockLUTKernel.apply_many_packed,255000,16,2.013405099976808,0.002396999974735081,0.006534199928864837,0.5753451000200585,0.5909605999477208,20.177402961976327,0.07912707043912286,49.560391983272986,0.01263789995573461,0.012224100064486265,0.013547400012612343,0.0003262108511952927,0.025664849989605113,0.0126378999557;0.0127570000477;0.0131977999117;0.0135474000126;0.0124079999514;0.0124831000576;0.0127906999551;0.0127737999428;0.0122241000645;0.0125871999189;0.0125743000535;0.0128678999608;0.0125856000232;0.0124371999409;0.012784200022,30,15,True,True,,psutil cpu_affinity set to 6,cpupower/intel_pstate unavailable on Windows,33554432,interleaved_by_width,"Intel64 Family 6 Model 186 Stepping 2, GenuineIntel",32768,1048576,16777216,3.11.5,1.24.3,1;1;1,42,cache-flushed DRAM proxy
bch_255_239_r16,syndrome,natural,6,1000,255,16,5504,L1,946,935.0,9,14,19,PackedBlockLUTKernel.apply_many_packed,255000,16,2.013405099976808,0.0021997999865561724,0.006376600009389222,0.02318389993160963,0.032290900009684265,517.1365747116885,2.0279865674968174,1.9337251490237666,0.0004930999130010605,0.0004886999959126115,0.0008467999286949635,9.077944422779849e-05,0.17428315046651902,0.000501799979247;0.000500699970871;0.000520600005984;0.000508000026457;0.000493099913001;0.000494500040077;0.000489800004289;0.000488799996674;0.000491800019518;0.000489800004289;0.000490900012664;0.000488699995913;0.000846799928695;0.000518499989994;0.000489300000481,30,15,True,True,,psutil cpu_affinity set to 6,cpupower/intel_pstate unavailable on Windows,0,interleaved_by_width,"Intel64 Family 6 Model 186 Stepping 2, GenuineIntel",32768,1048576,16777216,3.11.5,1.24.3,1;1;1,42,natural placement
bch_255_239_r16,syndrome,cache_flushed_dram_proxy,6,1000,255,16,5504,L1,946,935.0,9,14,19,PackedBlockLUTKernel.apply_many_packed,255000,16,2.013405099976808,0.0020782999927178025,0.007064800010994077,0.5789276000577956,0.5945428999839351,20.110093014008324,0.07886310985885617,49.72627422973221,0.012680199928581715,0.01236849999986589,0.01361910009291023,0.00034528298467025433,0.02693597957206154,0.0132616999326;0.0126059000613;0.0127843000228;0.0125121000456;0.0130413000006;0.0126654999331;0.0126765000168;0.0123684999999;0.0126801999286;0.0136191000929;0.0127296000719;0.0125441999407;0.0131898000836;0.0130789000541;0.0125222000061,30,15,True,True,,psutil cpu_affinity set to 6,cpupower/intel_pstate unavailable on Windows,33554432,interleaved_by_width,"Intel64 Family 6 Model 186 Stepping 2, GenuineIntel",32768,1048576,16777216,3.11.5,1.24.3,1;1;1,42,cache-flushed DRAM proxy
bch_255_239_r16,syndrome,natural,7,1000,255,16,9472,L1,851,837.8571428571429,9,14,19,PackedBlockLUTKernel.apply_many_packed,255000,16,2.013405099976808,0.0020736000733450055,0.006508299964480102,0.020878299954347312,0.02996110008098185,556.5255389506056,2.182453093923943,1.7968627313772838,0.00045819999650120735,0.00045279995538294315,0.00056900002527982,3.5673856814703425e-05,0.07513238357376768,0.000460999901406;0.000455899978988;0.000546100083739;0.000462000025436;0.000452799955383;0.000497399945743;0.00056900002528;0.000473699998111;0.000453599961475;0.000457699992694;0.000453900080174;0.000466899946332;0.000456099980511;0.000457899994217;0.000458199996501,30,15,True,True,,psutil cpu_affinity set to 6,cpupower/intel_pstate unavailable on Windows,0,interleaved_by_width,"Intel64 Family 6 Model 186 Stepping 2, GenuineIntel",32768,1048576,16777216,3.11.5,1.24.3,1;1;1,42,natural placement
bch_255_239_r16,syndrome,cache_flushed_dram_proxy,7,1000,255,16,9472,L1,851,837.8571428571429,9,14,19,PackedBlockLUTKernel.apply_many_packed,255000,16,2.013405099976808,0.002341600018553436,0.0063087999587878585,0.5743752999696881,0.5894562000175938,20.28107190871316,0.07953361532828689,49.30705854705736,0.012573299929499626,0.012372400029562414,0.016938299988396466,0.0011362075684268201,0.08786486926398021,0.0124941999093;0.0133551000617;0.0169382999884;0.0127952999901;0.0125909999479;0.0129808000056;0.0127305999631;0.012422400061;0.0124995999504;0.0123724000296;0.0125302999513;0.0126504999353;0.0125531000085;0.0124827000545;0.0125732999295,30,15,True,True,,psutil cpu_affinity set to 6,cpupower/intel_pstate unavailable on Windows,33554432,interleaved_by_width,"Intel64 Family 6 Model 186 Stepping 2, GenuineIntel",32768,1048576,16777216,3.11.5,1.24.3,1;1;1,42,cache-flushed DRAM proxy
bch_255_239_r16,syndrome,natural,8,1000,255,16,16384,L1,768,765.0,9,14,19,PackedBlockLUTKernel.apply_many_packed,255000,16,2.013405099976808,0.002114600036293268,0.006353199947625399,0.01959859998896718,0.028596100048162043,593.9902038013819,2.329373348240713,1.6835294481293828,0.0004293000092729926,0.00041090010199695826,0.0005920999683439732,5.112221963904179e-05,0.11397302500185964,0.00054379994981;0.000436099944636;0.000410900101997;0.000419299933128;0.000419800053351;0.000426499987952;0.000420299940743;0.000419200048782;0.000422699959017;0.000592099968344;0.000465400051326;0.000443800003268;0.000429300009273;0.000439199968241;0.00043979997281,30,15,True,True,,psutil cpu_affinity set to 6,cpupower/intel_pstate unavailable on Windows,0,interleaved_by_width,"Intel64 Family 6 Model 186 Stepping 2, GenuineIntel",32768,1048576,16777216,3.11.5,1.24.3,1;1;1,42,natural placement
bch_255_239_r16,syndrome,cache_flushed_dram_proxy,8,1000,255,16,16384,L1,768,765.0,9,14,19,PackedBlockLUTKernel.apply_many_packed,255000,16,2.013405099976808,0.0022492000134661794,0.006409200024791062,0.5762361000524834,0.5915296000894159,20.407836554871206,0.08003073158773022,49.00078444431225,0.012495200033299625,0.012142600025981665,0.012943000067025423,0.00023928598346118214,0.01906063838863322,0.0125810999889;0.0123611999443;0.0129352000076;0.012943000067;0.0125000999542;0.012473299983;0.0124461000087;0.0128512999509;0.0124952000333;0.0122611999977;0.0127089000307;0.0127581999404;0.0124081999529;0.0124433999881;0.012142600026,30,15,True,True,,psutil cpu_affinity set to 6,cpupower/intel_pstate unavailable on Windows,33554432,interleaved_by_width,"Intel64 Family 6 Model 186 Stepping 2, GenuineIntel",32768,1048576,16777216,3.11.5,1.24.3,1;1;1,42,cache-flushed DRAM proxy
bch_255_239_r16,syndrome,natural,9,1000,255,16,29696,L1,725,708.3333333333333,9,14,19,PackedBlockLUTKernel.apply_many_packed,255000,16,2.013405099976808,0.0022055000299587846,0.0068774999817833304,0.01931000000331551,0.02895380009431392,587.5577002873636,2.3041478442641705,1.7019605044932926,0.0004339999286457896,0.00041480001527816057,0.00044819992035627365,8.21905568923816e-06,0.01896325919783962,0.000448199920356;0.000433400040492;0.000433999928646;0.000426600105129;0.000431399908848;0.000443700002506;0.000437900074758;0.000439699972048;0.000431000022218;0.000436499947682;0.000434200046584;0.000428500003181;0.000438099959865;0.000423299963586;0.000414800015278,30,15,True,True,,psutil cpu_affinity set to 6,cpupower/intel_pstate unavailable on Windows,0,interleaved_by_width,"Intel64 Family 6 Model 186 Stepping 2, GenuineIntel",32768,1048576,16777216,3.11.5,1.24.3,1;1;1,42,natural placement
bch_255_239_r16,syndrome,cache_flushed_dram_proxy,9,1000,255,16,29696,L1,725,708.3333333333333,9,14,19,PackedBlockLUTKernel.apply_many_packed,255000,16,2.013405099976808,0.002074299962259829,0.006304000038653612,0.6373827999923378,0.6521291000535712,19.228014180936317,0.07540397718014244,52.007450722157955,0.013261899934150279,0.012547200080007315,0.020976200001314282,0.0027738339122334145,0.1906962904054176,0.0132463999325;0.0131863999413;0.01254720008;0.0126393999672;0.0143259000033;0.0130239999853;0.0203161999816;0.0209762000013;0.0176832999568;0.013288600021;0.0135224999394;0.0143474000506;0.0132618999342;0.0130458000349;0.0127760999603,30,15,True,True,,psutil cpu_affinity set to 6,cpupower/intel_pstate unavailable on Windows,33554432,interleaved_by_width,"Intel64 Family 6 Model 186 Stepping 2, GenuineIntel",32768,1048576,16777216,3.11.5,1.24.3,1;1;1,42,cache-flushed DRAM proxy
bch_255_239_r16,syndrome,natural,10,1000,255,16,53248,L2,676,663.0,9,14,19,PackedBlockLUTKernel.apply_many_packed,255000,16,2.013405099976808,0.0021333999466151,0.006882900022901595,0.020701600005850196,0.03024430002551526,548.8591803119309,2.152388942399729,1.8219609617018233,0.0004646000452339649,0.0004314000252634287,0.000910900067538023,0.00015042920747747362,0.2817870672859574,0.000496599939652;0.000464600045234;0.00068029994145;0.000518699991517;0.000463300035335;0.000475400011055;0.000467199948616;0.000453000073321;0.000464099925011;0.00044670002535;0.000910900067538;0.000834399950691;0.000461100018583;0.000439899973571;0.000431400025263,30,15,True,True,,psutil cpu_affinity set to 6,cpupower/intel_pstate unavailable on Windows,0,interleaved_by_width,"Intel64 Family 6 Model 186 Stepping 2, GenuineIntel",32768,1048576,16777216,3.11.5,1.24.3,1;1;1,42,natural placement
bch_255_239_r16,syndrome,cache_flushed_dram_proxy,10,1000,255,16,53248,L2,676,663.0,9,14,19,PackedBlockLUTKernel.apply_many_packed,255000,16,2.013405099976808,0.0021489999489858747,0.006781200063414872,0.5871188000310212,0.6023033999372274,19.936671639502986,0.07818302603726661,50.15882380379766,0.012790500069968402,0.012408499955199659,0.013373499969020486,0.00026089981650318487,0.020416400160363255,0.012543000048;0.012935900013;0.01279050007;0.0130126000149;0.0128709999844;0.0124084999552;0.0124680999434;0.0130095999921;0.0129693000345;0.0127534000203;0.013373499969;0.0128290000139;0.0126004999038;0.0125860000262;0.0125330999726,30,15,True,True,,psutil cpu_affinity set to 6,cpupower/intel_pstate unavailable on Windows,33554432,interleaved_by_width,"Intel64 Family 6 Model 186 Stepping 2, GenuineIntel",32768,1048576,16777216,3.11.5,1.24.3,1;1;1,42,cache-flushed DRAM proxy
bch_255_239_r16,syndrome,natural,11,1000,255,16,98304,L2,648,625.909090909091,9,14,19,PackedBlockLUTKernel.apply_many_packed,255000,16,2.013405099976808,0.002350799972191453,0.006404499989002943,0.02453379996586591,0.03382010001223534,471.17512587674474,1.8477455916735088,2.122353123245286,0.0005412000464275479,0.0004483000375330448,0.00081769993994385,0.00010203210252766701,0.17787196575320915,0.000817699939944;0.000623099971563;0.000646700034849;0.000571700045839;0.000590499956161;0.000557499937713;0.000541200046428;0.000515899970196;0.000756900059059;0.000525299925357;0.000506600015797;0.000514500075951;0.000469399965368;0.000519099994563;0.000448300037533,30,15,True,True,,psutil cpu_affinity set to 6,cpupower/intel_pstate unavailable on Windows,0,interleaved_by_width,"Intel64 Family 6 Model 186 Stepping 2, GenuineIntel",32768,1048576,16777216,3.11.5,1.24.3,1;1;1,42,natural placement
bch_255_239_r16,syndrome,cache_flushed_dram_proxy,11,1000,255,16,98304,L2,648,625.909090909091,9,14,19,PackedBlockLUTKernel.apply_many_packed,255000,16,2.013405099976808,0.0022681000409647822,0.006340399966575205,0.5822300999425352,0.5969557000789791,19.951334394698303,0.07824052703803255,50.121960778008486,0.012781099998392165,0.01242030004505068,0.013672399916686118,0.0003043206415653896,0.02376351492427691,0.0125603999477;0.0127865000395;0.0126152000157;0.0128796999343;0.0127810999984;0.0126308000181;0.0126147000119;0.0136723999167;0.0128131000092;0.0126178000355;0.0129381000297;0.0128276000032;0.0124203000451;0.0127218000125;0.0132136999164,30,15,True,True,,psutil cpu_affinity set to 6,cpupower/intel_pstate unavailable on Windows,33554432,interleaved_by_width,"Intel64 Family 6 Model 186 Stepping 2, GenuineIntel",32768,1048576,16777216,3.11.5,1.24.3,1;1;1,42,cache-flushed DRAM proxy
bch_255_239_r16,syndrome,natural,12,1000,255,16,180224,L2,616,595.0,9,14,19,PackedBlockLUTKernel.apply_many_packed,255000,16,2.013405099976808,0.002100900048390031,0.006632499978877604,0.018495899974368513,0.02771220006980002,594.960330504345,2.333177766683706,1.6807843291876363,0.00042860000394284725,0.00036529998760670424,0.00045329995919018984,2.6261760711001056e-05,0.06227593159630161,0.000365299987607;0.000383300008252;0.000409799977206;0.000384800019674;0.000414100009948;0.000428600003943;0.000416600028984;0.000439100083895;0.000425899983384;0.000447300029919;0.00045329995919;0.000447000027634;0.000439199968241;0.000440999981947;0.000430200016126,30,15,True,True,,psutil cpu_affinity set to 6,cpupower/intel_pstate unavailable on Windows,0,interleaved_by_width,"Intel64 Family 6 Model 186 Stepping 2, GenuineIntel",32768,1048576,16777216,3.11.5,1.24.3,1;1;1,42,natural placement
bch_255_239_r16,syndrome,cache_flushed_dram_proxy,12,1000,255,16,180224,L2,616,595.0,9,14,19,PackedBlockLUTKernel.apply_many_packed,255000,16,2.013405099976808,0.002491299994289875,0.006443499936722219,0.57955910009332,0.5949191000545397,20.181075789575573,0.07914147368461008,49.5513723067501,0.012635599938221276,0.012443399988114834,0.015139600029215217,0.0007183976943953399,0.055396728003784076,0.0126119999913;0.0125248000259;0.0136715000262;0.0128293999005;0.0151396000292;0.0130289000226;0.0126355999382;0.0137303000083;0.0127385000233;0.012888600002;0.012627899996;0.0124433999881;0.0125924999593;0.012492800015;0.0125677000033,30,15,True,True,,psutil cpu_affinity set to 6,cpupower/intel_pstate unavailable on Windows,33554432,interleaved_by_width,"Intel64 Family 6 Model 186 Stepping 2, GenuineIntel",32768,1048576,16777216,3.11.5,1.24.3,1;1;1,42,cache-flushed DRAM proxy
bch_255_239_r16,syndrome,natural,13,1000,255,16,327680,L2,580,568.8461538461539,9,14,19,PackedBlockLUTKernel.apply_many_packed,255000,16,2.013405099976808,0.00216599996201694,0.006340299965813756,0.019527300028130412,0.028512299992144108,599.0134152351756,2.3490722166085316,1.6694116935718293,0.0004256999818608165,0.0003875000402331352,0.0004765999037772417,1.954054007729717e-05,0.04578454873855899,0.000387500040233;0.000476599903777;0.000430000014603;0.000444800010882;0.000446500023827;0.000431100022979;0.000424099969678;0.000425899983384;0.000425699981861;0.000426499987952;0.000420500058681;0.000415700022131;0.000419999938458;0.00041149999015;0.000415500020608,30,15,True,True,,psutil cpu_affinity set to 6,cpupower/intel_pstate unavailable on Windows,0,interleaved_by_width,"Intel64 Family 6 Model 186 Stepping 2, GenuineIntel",32768,1048576,16777216,3.11.5,1.24.3,1;1;1,42,natural placement
bch_255_239_r16,syndrome,cache_flushed_dram_proxy,13,1000,255,16,327680,L2,580,568.8461538461539,9,14,19,PackedBlockLUTKernel.apply_many_packed,255000,16,2.013405099976808,0.002659299992956221,0.007681300048716366,0.5766125000081956,0.5929163999389857,20.160015117572453,0.07905888281400962,49.60313740679447,0.012648800038732588,0.012408999959006906,0.013740799971856177,0.0004444605757174568,0.03452278283426081,0.0127427999396;0.0127167999744;0.0125543000177;0.0124502000399;0.0125586999347;0.0134456000524;0.012408999959;0.0133541000541;0.0124911000021;0.0135110000847;0.0126473999117;0.0132043000776;0.0126488000387;0.0137407999719;0.0126412999816,30,15,True,True,,psutil cpu_affinity set to 6,cpupower/intel_pstate unavailable on Windows,33554432,interleaved_by_width,"Intel64 Family 6 Model 186 Stepping 2, GenuineIntel",32768,1048576,16777216,3.11.5,1.24.3,1;1;1,42,cache-flushed DRAM proxy
bch_255_239_r16,syndrome,natural,14,1000,255,16,622592,L2,570,546.4285714285714,9,14,19,PackedBlockLUTKernel.apply_many_packed,255000,16,2.013405099976808,0.002238999935798347,0.006518300040625036,0.01758969994261861,0.02686450001783669,681.4536671940925,2.6723673223297744,1.467451197551746,0.00037420005537569523,0.0003637999761849642,0.0006466000340878963,7.122623684069847e-05,0.177645163915093,0.000435099937022;0.000374200055376;0.000367500004359;0.000377799966373;0.000418800045736;0.000372599926777;0.000373600050807;0.000646600034088;0.000410700100474;0.00037829997018;0.000371700036339;0.000363799976185;0.000389199936762;0.000365299987607;0.00036900001578,30,15,True,True,,psutil cpu_affinity set to 6,cpupower/intel_pstate unavailable on Windows,0,interleaved_by_width,"Intel64 Family 6 Model 186 Stepping 2, GenuineIntel",32768,1048576,16777216,3.11.5,1.24.3,1;1;1,42,natural placement
bch_255_239_r16,syndrome,cache_flushed_dram_proxy,14,1000,255,16,622592,L2,570,546.4285714285714,9,14,19,PackedBlockLUTKernel.apply_many_packed,255000,16,2.013405099976808,0.002293700003065169,0.006811800063587725,0.5806034000124782,0.5961818000068888,20.011614681416905,0.07847692031928198,49.97098014927378,0.012742599938064814,0.012409699964337051,0.018748299917206168,0.001611580344292953,0.12057480570288656,0.0135041000322;0.0124678999418;0.0130929000443;0.0127425999381;0.0133414999582;0.0146556000691;0.0187482999172;0.0137787000276;0.0127598999534;0.0126770000206;0.0124849999556;0.0125498999842;0.0126969000557;0.0125771999592;0.0124096999643,30,15,True,True,,psutil cpu_affinity set to 6,cpupower/intel_pstate unavailable on Windows,33554432,interleaved_by_width,"Intel64 Family 6 Model 186 Stepping 2, GenuineIntel",32768,1048576,16777216,3.11.5,1.24.3,1;1;1,42,cache-flushed DRAM proxy
bch_255_239_r16,syndrome,natural,15,1000,255,16,1114112,L3,527,527.0,9,14,19,PackedBlockLUTKernel.apply_many_packed,255000,16,2.013405099976808,0.0023504000855609775,0.006913099903613329,0.02016920002643019,0.029957600054331124,605.8445298248876,2.3758609012740686,1.6505884773590986,0.00042090006172657013,0.000408399966545403,0.000471399980597198,1.9312544622575835e-05,0.04524115520633878,0.000408399966545;0.000409899977967;0.000409900094382;0.000439899973571;0.000432200031355;0.000428300001658;0.00041840004269;0.000430000014603;0.000409799977206;0.000410199980251;0.000462700030766;0.00041700003203;0.000471399980597;0.000434199930169;0.000420900061727,30,15,True,True,,psutil cpu_affinity set to 6,cpupower/intel_pstate unavailable on Windows,0,interleaved_by_width,"Intel64 Family 6 Model 186 Stepping 2, GenuineIntel",32768,1048576,16777216,3.11.5,1.24.3,1;1;1,42,natural placement
bch_255_239_r16,syndrome,cache_flushed_dram_proxy,15,1000,255,16,1114112,L3,527,527.0,9,14,19,PackedBlockLUTKernel.apply_many_packed,255000,16,2.013405099976808,0.002974499948322773,0.006661599967628717,0.5731302000349388,0.5893726999638602,20.133433263891018,0.07895464025055302,49.66862764501688,0.012665500049479306,0.012334099970757961,0.013704100041650236,0.00038857675335888375,0.030325227727645118,0.0131640000036;0.0125036999816;0.0127087000292;0.012621800066;0.0137041000417;0.0133209000342;0.0126050999388;0.0123340999708;0.0126655000495;0.013250399963;0.0124639000278;0.0124805999221;0.0126065000659;0.0127786999801;0.0129967000103,30,15,True,True,,psutil cpu_affinity set to 6,cpupower/intel_pstate unavailable on Windows,33554432,interleaved_by_width,"Intel64 Family 6 Model 186 Stepping 2, GenuineIntel",32768,1048576,16777216,3.11.5,1.24.3,1;1;1,42,cache-flushed DRAM proxy
bch_255_239_r16,syndrome,natural,16,1000,255,16,2097152,L3,512,510.0,9,14,19,PackedBlockLUTKernel.apply_many_packed,255000,16,2.013405099976808,0.0026632000226527452,0.006494499975815415,0.018385999952442944,0.028034299961291254,687.8877265725567,2.697598927735516,1.4537256028430134,0.00037070002872496843,0.0003614000743255019,0.0003829000052064657,6.7451835502738255e-06,0.018128315261549687,0.000377200078219;0.000366599997506;0.000380999990739;0.000382099999115;0.00037139991764;0.000370300025679;0.000361400074326;0.000371099915355;0.000377200078219;0.000370599911548;0.000370400026441;0.000365899992175;0.000362399965525;0.000382900005206;0.000370700028725,30,15,True,True,,psutil cpu_affinity set to 6,cpupower/intel_pstate unavailable on Windows,0,interleaved_by_width,"Intel64 Family 6 Model 186 Stepping 2, GenuineIntel",32768,1048576,16777216,3.11.5,1.24.3,1;1;1,42,natural placement
bch_255_239_r16,syndrome,cache_flushed_dram_proxy,16,1000,255,16,2097152,L3,512,510.0,9,14,19,PackedBlockLUTKernel.apply_many_packed,255000,16,2.013405099976808,0.003110900055617094,0.007332599954679608,0.5767389999236912,0.5934422999853268,20.07052230183288,0.07870793059542307,49.824313735406776,0.012705200002528727,0.012465800042264163,0.013328600092791021,0.00021817284520726186,0.017126147324187088,0.0125615000725;0.0128684999654;0.0128034999361;0.0128919000272;0.0129575999454;0.0126147000119;0.0125298000639;0.0127052000025;0.0124658000423;0.0128078999696;0.0125992000103;0.0126647000434;0.0125654999865;0.012723099906;0.0133286000928,30,15,True,True,,psutil cpu_affinity set to 6,cpupower/intel_pstate unavailable on Windows,33554432,interleaved_by_width,"Intel64 Family 6 Model 186 Stepping 2, GenuineIntel",32768,1048576,16777216,3.11.5,1.24.3,1;1;1,42,cache-flushed DRAM proxy
bch_255_239_r16,syndrome,natural,17,1000,255,16,3932160,L3,495,495.0,9,14,19,PackedBlockLUTKernel.apply_many_packed,255000,16,2.013405099976808,0.004000399960204959,0.006820800015702844,0.019953700015321374,0.031305399956181645,609.1733709184767,2.388915180072458,1.6415688008362173,0.0004186000442132354,0.0004118999931961298,0.0005294999573379755,3.316568042987394e-05,0.07631662802633937,0.000415300019085;0.000412399997003;0.000433500041254;0.000414700014517;0.000417599920183;0.000418100040406;0.00041560002137;0.000470999977551;0.000441099982709;0.000529499957338;0.000476200017147;0.000420700060204;0.000411899993196;0.000422499957494;0.000418600044213,30,15,True,True,,psutil cpu_affinity set to 6,cpupower/intel_pstate unavailable on Windows,0,interleaved_by_width,"Intel64 Family 6 Model 186 Stepping 2, GenuineIntel",32768,1048576,16777216,3.11.5,1.24.3,1;1;1,42,natural placement
bch_255_239_r16,syndrome,cache_flushed_dram_proxy,17,1000,255,16,3932160,L3,495,495.0,9,14,19,PackedBlockLUTKernel.apply_many_packed,255000,16,2.013405099976808,0.003577800001949072,0.007202400011010468,0.5821759001119062,0.5988675999687985,19.52601568422249,0.07657261052636272,51.213725123043154,0.013059499906376004,0.012490399996750057,0.0136202999856323,0.00034132417465106667,0.0260963706642682,0.0132695999928;0.0130235999823;0.0129063000204;0.0135582999792;0.012761900085;0.0127971000038;0.0126452000113;0.0131042000139;0.0136202999856;0.0136154999491;0.0129672000185;0.0131977000274;0.0124903999968;0.0130594999064;0.0131738000782,30,15,True,True,,psutil cpu_affinity set to 6,cpupower/intel_pstate unavailable on Windows,33554432,interleaved_by_width,"Intel64 Family 6 Model 186 Stepping 2, GenuineIntel",32768,1048576,16777216,3.11.5,1.24.3,1;1;1,42,cache-flushed DRAM proxy
bch_255_239_r16,syndrome,natural,18,1000,255,16,7864320,L3,510,481.66666666666663,9,14,19,PackedBlockLUTKernel.apply_many_packed,255000,16,2.013405099976808,0.004888699972070754,0.007021800032816827,0.023232499952428043,0.03564110002480447,613.4231090310504,2.4055808197296096,1.6301961652204102,0.0004157000221312046,0.00039840000681579113,0.0005452999612316489,3.748680459845774e-05,0.08780070734914464,0.000415700022131;0.000545299961232;0.000461100018583;0.000440799980424;0.000447500031441;0.00041149999015;0.000403400044888;0.00040939997416;0.000401300028898;0.000424499972723;0.000419899937697;0.000416200025938;0.000398400006816;0.000407799961977;0.000401500030421,30,15,True,True,,psutil cpu_affinity set to 6,cpupower/intel_pstate unavailable on Windows,0,interleaved_by_width,"Intel64 Family 6 Model 186 Stepping 2, GenuineIntel",32768,1048576,16777216,3.11.5,1.24.3,1;1;1,42,natural placement
bch_255_239_r16,syndrome,cache_flushed_dram_proxy,18,1000,255,16,7864320,L3,510,481.66666666666663,9,14,19,PackedBlockLUTKernel.apply_many_packed,255000,16,2.013405099976808,0.005101499962620437,0.006364200031384826,0.5848723999224603,0.602759699919261,19.841887284069216,0.07781132268262438,50.39843164530455,0.01285160006955266,0.012535099987871945,0.014624100062064826,0.0005527051178768679,0.042511745087737925,0.0125350999879;0.012959600077;0.0127197999973;0.0138658001088;0.0146241000621;0.0126772000222;0.0132267998997;0.0129677000223;0.0127930999734;0.0128968000645;0.0125891999342;0.0128516000696;0.0126204000553;0.0128620000323;0.0128292998997,30,15,True,True,,psutil cpu_affinity set to 6,cpupower/intel_pstate unavailable on Windows,33554432,interleaved_by_width,"Intel64 Family 6 Model 186 Stepping 2, GenuineIntel",32768,1048576,16777216,3.11.5,1.24.3,1;1;1,42,cache-flushed DRAM proxy
bch_255_239_r16,syndrome,natural,19,1000,255,16,14680064,L3,490,469.7368421052631,9,14,19,PackedBlockLUTKernel.apply_many_packed,255000,16,2.013405099976808,0.01014760008547455,0.005937299923971295,0.018929600017145276,0.03577920002862811,631.5006679782368,2.4764732077577913,1.5835295997413934,0.00040380004793405533,0.00039570010267198086,0.0005710000405088067,4.4153114480714787e-05,0.10493657816932564,0.000435200054199;0.000399299897254;0.000398400006816;0.000407600076869;0.000403699930757;0.000410199980251;0.000401700031944;0.000407399958931;0.000395700102672;0.000450099934824;0.000571000040509;0.000421999953687;0.000403800047934;0.000402199919336;0.000403100042604,30,15,True,True,,psutil cpu_affinity set to 6,cpupower/intel_pstate unavailable on Windows,0,interleaved_by_width,"Intel64 Family 6 Model 186 Stepping 2, GenuineIntel",32768,1048576,16777216,3.11.5,1.24.3,1;1;1,42,natural placement
bch_255_239_r16,syndrome,cache_flushed_dram_proxy,19,1000,255,16,14680064,L3,490,469.7368421052631,9,14,19,PackedBlockLUTKernel.apply_many_packed,255000,16,2.013405099976808,0.009644099976867437,0.006349799921736121,0.5800872000399977,0.603412099997513,19.98088090262585,0.07835639569657196,50.04784347964268,0.012762200087308884,0.012534699984826148,0.015025899978354573,0.0006426772589614975,0.04959028953808975,0.0127645999892;0.0128001000267;0.0125346999848;0.012790900073;0.0127622000873;0.0126276999945;0.0136254999088;0.012673499994;0.0150258999784;0.0128573999973;0.0133537000511;0.0126191999298;0.0126146000111;0.0126492000418;0.0126968999393,30,15,True,True,,psutil cpu_affinity set to 6,cpupower/intel_pstate unavailable on Windows,33554432,interleaved_by_width,"Intel64 Family 6 Model 186 Stepping 2, GenuineIntel",32768,1048576,16777216,3.11.5,1.24.3,1;1;1,42,cache-flushed DRAM proxy
bch_255_239_r16,syndrome,natural,20,1000,255,16,27262976,DRAM,468,459.0,9,14,19,PackedBlockLUTKernel.apply_many_packed,255000,16,2.013405099976808,0.01894359989091754,0.006358700105920434,0.018144200090318918,0.043949699960649014,677.1108606756786,2.655336708532073,1.4768630339234483,0.0003766000736504793,0.0003440000582486391,0.0006068999646231532,7.663075435032127e-05,0.18921796729998086,0.000369900022633;0.000380599987693;0.000392099958844;0.000366699998267;0.00037660007365;0.000424399971962;0.000386800034903;0.000372499926016;0.000368500011973;0.000370700028725;0.000606899964623;0.000566500006244;0.000399000011384;0.000349599984474;0.000344000058249,30,15,True,True,,psutil cpu_affinity set to 6,cpupower/intel_pstate unavailable on Windows,0,interleaved_by_width,"Intel64 Family 6 Model 186 Stepping 2, GenuineIntel",32768,1048576,16777216,3.11.5,1.24.3,1;1;1,42,natural placement
bch_255_239_r16,syndrome,cache_flushed_dram_proxy,20,1000,255,16,27262976,DRAM,468,459.0,9,14,19,PackedBlockLUTKernel.apply_many_packed,255000,16,2.013405099976808,0.01802680001128465,0.006451399996876717,0.5810479000210762,0.6121082999743521,19.965237107555847,0.07829504748061115,50.08705855146343,0.012772199930623174,0.012513699941337109,0.013793100020848215,0.00044701785216356033,0.034506637991679134,0.0137931000208;0.0135626000119;0.0126233000774;0.0127721999306;0.0126865999773;0.0127762000775;0.0135785999009;0.0135649000295;0.0125136999413;0.0131383000407;0.012567800004;0.0128232999705;0.0127610999625;0.0125950999791;0.0125614000717,30,15,True,True,,psutil cpu_affinity set to 6,cpupower/intel_pstate unavailable on Windows,33554432,interleaved_by_width,"Intel64 Family 6 Model 186 Stepping 2, GenuineIntel",32768,1048576,16777216,3.11.5,1.24.3,1;1;1,42,cache-flushed DRAM proxy
bch_255_239_r16,syndrome,natural,21,1000,255,16,54525952,DRAM,481,449.2857142857143,9,14,19,PackedBlockLUTKernel.apply_many_packed,255000,16,2.013405099976808,0.03558069991413504,0.006238700007088482,0.019322499982081354,0.06168230006005615,632.2835906256954,2.4795434926497864,1.5815688004972888,0.00040330004412680864,0.0003942999755963683,0.0005026999861001968,2.8405721820069726e-05,0.06840576547213233,0.0005026999861;0.00042980001308;0.000408899970353;0.000403300044127;0.000416299910285;0.000407200073823;0.000398200005293;0.000394299975596;0.000397399999201;0.000452499953099;0.000401200028136;0.00041149999015;0.000402600038797;0.000401499914005;0.000401400029659,30,15,True,True,,psutil cpu_affinity set to 6,cpupower/intel_pstate unavailable on Windows,0,interleaved_by_width,"Intel64 Family 6 Model 186 Stepping 2, GenuineIntel",32768,1048576,16777216,3.11.5,1.24.3,1;1;1,42,natural placement
bch_255_239_r16,syndrome,cache_flushed_dram_proxy,21,1000,255,16,54525952,DRAM,481,449.2857142857143,9,14,19,PackedBlockLUTKernel.apply_many_packed,255000,16,2.013405099976808,0.039330100058577955,0.006354999961331487,0.579954499960877,0.6325132000492886,19.98526584383258,0.07837359154444148,50.036862547345024,0.01275939994957298,0.012553500011563301,0.013451200095005333,0.00026595336037102873,0.02071415834523259,0.0126538000768;0.0125929000787;0.0132467999356;0.0129187999992;0.0125842000125;0.0129395000404;0.0131004001014;0.0127593999496;0.012588200043;0.0126739999978;0.013451200095;0.0129697000375;0.012745999964;0.0125535000116;0.0128096999833,30,15,True,True,,psutil cpu_affinity set to 6,cpupower/intel_pstate unavailable on Windows,33554432,interleaved_by_width,"Intel64 Family 6 Model 186 Stepping 2, GenuineIntel",32768,1048576,16777216,3.11.5,1.24.3,1;1;1,42,cache-flushed DRAM proxy
bch_255_239_r16,syndrome,natural,22,1000,255,16,100663296,DRAM,456,440.4545454545455,9,14,19,PackedBlockLUTKernel.apply_many_packed,255000,16,2.013405099976808,0.061962999985553324,0.006583100068382919,0.018465699977241457,0.0875015000347048,649.6815917431423,2.547770948012323,1.5392155368246285,0.00039249996189028025,0.0003747000591829419,0.0006823999574407935,8.633071146929908e-05,0.19799410995910885,0.000383000005968;0.000682399957441;0.000460400013253;0.000435799942352;0.000396400108002;0.000428200000897;0.000388399930671;0.00039249996189;0.000382900005206;0.000381599995308;0.000502999988385;0.00055970007088;0.000390699948184;0.000380699988455;0.000374700059183,30,15,True,True,,psutil cpu_affinity set to 6,cpupower/intel_pstate unavailable on Windows,0,interleaved_by_width,"Intel64 Family 6 Model 186 Stepping 2, GenuineIntel",32768,1048576,16777216,3.11.5,1.24.3,1;1;1,42,natural placement
bch_255_239_r16,syndrome,cache_flushed_dram_proxy,22,1000,255,16,100663296,DRAM,456,440.4545454545455,9,14,19,PackedBlockLUTKernel.apply_many_packed,255000,16,2.013405099976808,0.0624493999639526,0.006202699965797365,0.5800802999874577,0.6554805000778288,19.907411052311247,0.07806827863651468,50.232548942314644,0.012809299980290234,0.012475900002755225,0.013980899937450886,0.00040853289037574955,0.03157605473095777,0.0128092999803;0.0139808999375;0.0132045999635;0.0127225000178;0.0124759000028;0.0128128000069;0.0132360999705;0.0126095999731;0.0125579000451;0.0126441000029;0.0133466999978;0.0127907999558;0.012575599947;0.0129997000331;0.0133044000249,30,15,True,True,,psutil cpu_affinity set to 6,cpupower/intel_pstate unavailable on Windows,33554432,interleaved_by_width,"Intel64 Family 6 Model 186 Stepping 2, GenuineIntel",32768,1048576,16777216,3.11.5,1.24.3,1;1;1,42,cache-flushed DRAM proxy
bch_255_239_r16,syndrome,natural,23,1000,255,16,201326592,DRAM,468,432.3913043478261,9,14,19,PackedBlockLUTKernel.apply_many_packed,255000,16,2.013405099976808,0.12590400001499802,0.006216199952177703,0.019436200032941997,0.1520484999055043,633.2258472013195,2.4832386164757634,1.5792153848736894,0.0004026999231427908,0.00039490009658038616,0.0006783000426366925,7.212295887991857e-05,0.1687428837730347,0.000407299958169;0.000412399997003;0.000400900025852;0.000402699923143;0.00039800000377;0.00039490009658;0.000678300042637;0.000471899984404;0.000434100045823;0.000402699923143;0.000401900033467;0.000399700016715;0.000407499959692;0.000399200012907;0.000399700016715,30,15,True,True,,psutil cpu_affinity set to 6,cpupower/intel_pstate unavailable on Windows,0,interleaved_by_width,"Intel64 Family 6 Model 186 Stepping 2, GenuineIntel",32768,1048576,16777216,3.11.5,1.24.3,1;1;1,42,natural placement
bch_255_239_r16,syndrome,cache_flushed_dram_proxy,23,1000,255,16,201326592,DRAM,468,432.3913043478261,9,14,19,PackedBlockLUTKernel.apply_many_packed,255000,16,2.013405099976808,0.12245369993615896,0.0062627000734210014,0.5829138000262901,0.7182644000276923,19.837102418676906,0.07779255850461532,50.41058814408732,0.012854699976742268,0.012616100022569299,0.013410700019448996,0.00022382815055540085,0.017360484704816406,0.0128164000344;0.0126923999051;0.0134107000194;0.0129202000098;0.012912599952;0.0129439000739;0.0126161000226;0.0133403000655;0.0128301999066;0.0128546999767;0.0127469000872;0.0129325999878;0.0129695999203;0.012680200045;0.012727699941,30,15,True,True,,psutil cpu_affinity set to 6,cpupower/intel_pstate unavailable on Windows,33554432,interleaved_by_width,"Intel64 Family 6 Model 186 Stepping 2, GenuineIntel",32768,1048576,16777216,3.11.5,1.24.3,1;1;1,42,cache-flushed DRAM proxy
bch_255_239_r16,syndrome,natural,24,1000,255,16,369098752,DRAM,440,425.0,9,14,19,PackedBlockLUTKernel.apply_many_packed,255000,16,2.013405099976808,0.2311573000624776,0.006561599904671311,0.020221400074660778,0.2584487999556586,603.6932436553092,2.3674244849227812,1.6564704185607386,0.00042239995673298836,0.0004138000076636672,0.0006720999954268336,6.478213841824108e-05,0.14645106045878148,0.000421999953687;0.000416500028223;0.000428100000136;0.000427099992521;0.000445500016212;0.000421399949118;0.0004163000267;0.000672099995427;0.000459600007161;0.000423099962063;0.0004163000267;0.000422399956733;0.000435400055721;0.000413800007664;0.00041560002137,30,15,True,True,,psutil cpu_affinity set to 6,cpupower/intel_pstate unavailable on Windows,0,interleaved_by_width,"Intel64 Family 6 Model 186 Stepping 2, GenuineIntel",32768,1048576,16777216,3.11.5,1.24.3,1;1;1,42,natural placement
bch_255_239_r16,syndrome,cache_flushed_dram_proxy,24,1000,255,16,369098752,DRAM,440,425.0,9,14,19,PackedBlockLUTKernel.apply_many_packed,255000,16,2.013405099976808,0.2264875000109896,0.006017699954099953,0.6388119999319315,0.8783481999998912,17.95281576878436,0.07040319909327203,55.701568649680006,0.014203900005668402,0.013556199963204563,0.02451020001899451,0.004134529851651148,0.25555969015307717,0.0149606999476;0.014110499993;0.024510200019;0.0241712999996;0.0236605999526;0.0142039000057;0.0135561999632;0.014054600033;0.0139673999511;0.0137865999714;0.0149512999924;0.0135809000349;0.0146563999588;0.0146932000061;0.0138112000423,30,15,True,True,,psutil cpu_affinity set to 6,cpupower/intel_pstate unavailable on Windows,33554432,interleaved_by_width,"Intel64 Family 6 Model 186 Stepping 2, GenuineIntel",32768,1048576,16777216,3.11.5,1.24.3,1;1;1,42,cache-flushed DRAM proxy
